epoch,acc,loss,val_acc,val_loss
0,0.14913584919301268,3.13905659935752,0.1648151960601596,3.027256715846608
