epoch,acc,loss,val_acc,val_loss
0,0.14928038980628835,3.1368731271696553,0.16911005587671848,3.020680625700099
