epoch,acc,loss,val_acc,val_loss
0,0.15795288041519245,3.1490662941102356,0.16270906603855706,3.0299805474384693
