epoch,acc,loss,val_acc,val_loss
0,0.14620372118948463,3.1552095176655266,0.16679744097828594,3.023952843309458
1,0.16177290485932883,3.044593396637091,0.16679744097828594,3.0023133621810514
