epoch,acc,loss,val_acc,val_loss
0,0.15252224931610286,3.13507986883491,0.1646087133432749,3.0304276582354386
